{"cameraMode":{"drawMode":0,"name":"Shaded","section":"Shading Mode"},"sceneLighting":false,"audioPlay":false,"sceneViewState":{"m_AlwaysRefresh":false,"showFog":true,"showSkybox":false,"showFlares":true,"showImageEffects":true,"showParticleSystems":true,"showVisualEffectGraphs":true,"m_FxEnabled":true},"in2DMode":false,"pivot":{"x":0.10326322913169861,"y":1.3425004482269288,"z":-0.5077027082443237},"rotation":{"x":-0.04965660721063614,"y":0.809113621711731,"z":0.06909454613924027,"w":0.5814437866210938},"size":0.256879597902298,"orthographic":false}