{"cameraMode":{"drawMode":0,"name":"Shaded","section":"Shading Mode"},"sceneLighting":true,"audioPlay":false,"sceneViewState":{"m_AlwaysRefresh":false,"showFog":true,"showSkybox":true,"showFlares":true,"showImageEffects":true,"showParticleSystems":true,"showVisualEffectGraphs":true,"m_FxEnabled":true},"in2DMode":false,"pivot":{"x":-5.201632976531982,"y":2.5737383365631105,"z":-17.928695678710939},"rotation":{"x":-0.14499230682849885,"y":-0.46646085381507876,"z":0.07782042771577835,"w":-0.8690996170043945},"size":0.7032305002212524,"orthographic":false}