{"cameraMode":{"drawMode":0,"name":"Shaded","section":"Shading Mode"},"sceneLighting":true,"audioPlay":false,"sceneViewState":{"m_AlwaysRefresh":false,"showFog":true,"showSkybox":true,"showFlares":true,"showImageEffects":true,"showParticleSystems":true,"showVisualEffectGraphs":true,"m_FxEnabled":true},"in2DMode":false,"pivot":{"x":0.09510879218578339,"y":0.7598892450332642,"z":0.19409984350204469},"rotation":{"x":-0.02625439316034317,"y":-0.6927060484886169,"z":0.025067394599318506,"w":-0.7203551530838013},"size":0.23301716148853303,"orthographic":false}