{"cameraMode":{"drawMode":0,"name":"Shaded","section":"Shading Mode"},"sceneLighting":false,"audioPlay":false,"sceneViewState":{"m_AlwaysRefresh":false,"showFog":true,"showSkybox":false,"showFlares":true,"showImageEffects":true,"showParticleSystems":true,"showVisualEffectGraphs":true,"m_FxEnabled":true},"in2DMode":false,"pivot":{"x":-0.11921671032905579,"y":1.286723017692566,"z":0.9017260670661926},"rotation":{"x":0.010016210377216339,"y":-0.9774911999702454,"z":0.2055937796831131,"w":0.04779287055134773},"size":0.34174641966819765,"orthographic":false}